City_ID,City,Country,Lat,Lng,Max Temp,Humidity,Cloudiness,Wind Speed,Current Description
0,Punta Arenas,CL,-53.15,-70.9167,37.51,87,40,13.8,scattered clouds
1,Mazamari,PE,-11.3258,-74.5308,66.52,97,90,1.97,overcast clouds
2,Riyadh,SA,24.6877,46.7219,87.94,12,4,8.75,clear sky
3,Saint-Augustin,CA,51.226,-58.6502,55.74,87,99,9.57,overcast clouds
4,Hobart,AU,-42.8794,147.3294,54.27,61,75,4.0,broken clouds
5,Minsk Mazowiecki,PL,52.1794,21.5725,62.62,89,100,12.35,heavy intensity rain
6,Coquimbo,CL,-29.9533,-71.3436,51.53,100,20,3.44,few clouds
7,Raudeberg,NO,61.9875,5.1352,52.47,83,16,13.42,few clouds
8,Jaque,PA,7.5175,-78.1703,79.25,89,100,7.0,moderate rain
9,Klaksvik,FO,62.2266,-6.589,47.32,80,96,4.25,overcast clouds
10,Galle,LK,6.0367,80.217,79.68,83,67,11.39,broken clouds
11,Cabo San Lucas,MX,22.8909,-109.9124,91.51,71,22,3.0,few clouds
12,Beira,MZ,-19.8436,34.8389,60.31,81,0,4.47,clear sky
13,Chancay,PE,-11.5714,-77.2672,62.56,87,33,7.96,scattered clouds
14,Prince Rupert,CA,54.3161,-130.3201,64.09,82,90,8.05,overcast clouds
15,Tavda,RU,58.0425,65.2726,60.4,90,1,7.36,clear sky
16,Rikitea,PF,-23.1203,-134.9692,69.21,57,3,20.0,clear sky
17,Cape Town,ZA,-33.9258,18.4232,57.11,85,0,3.0,clear sky
18,Hamilton,US,39.1834,-84.5333,70.57,71,0,5.68,clear sky
19,Khandyga,RU,62.6667,135.6,81.97,24,0,5.39,clear sky
20,Roros,NO,62.5747,11.3842,37.24,93,75,3.44,broken clouds
21,Avera,US,33.194,-82.5271,86.72,75,19,5.21,few clouds
22,Panjab,AF,34.388,67.0233,54.28,42,0,4.81,clear sky
23,Nabire,ID,-3.3667,135.4833,86.41,65,27,3.22,scattered clouds
24,Tasiilaq,GL,65.6145,-37.6368,41.36,77,100,3.0,overcast clouds
25,Itarema,BR,-2.9248,-39.9167,75.09,71,13,7.92,few clouds
26,Busselton,AU,-33.65,115.3333,49.05,69,100,7.94,overcast clouds
27,Bethel,US,41.3712,-73.414,70.38,91,90,3.44,moderate rain
28,Port Moresby,PG,-9.4431,147.1797,83.62,58,1,17.27,haze
29,Maine-Soroa,NE,13.2114,12.0241,75.52,80,85,15.79,overcast clouds
30,Port Alfred,ZA,-33.5906,26.891,60.44,83,77,15.21,light rain
31,Cherskiy,RU,68.75,161.3,42.31,68,80,23.58,broken clouds
32,Touros,BR,-5.1989,-35.4608,76.1,75,10,16.28,clear sky
33,Codrington,AU,-38.2667,141.9667,55.08,67,23,20.8,few clouds
34,Butaritari,KI,3.0707,172.7902,83.23,68,78,7.74,broken clouds
35,East London,ZA,-33.0153,27.9116,62.65,68,88,19.01,overcast clouds
36,Camacha,PT,33.0833,-16.3333,67.42,83,40,11.5,scattered clouds
37,Sovetskaya,RU,44.7769,41.1722,68.0,63,0,4.41,clear sky
38,Albany,US,42.6001,-73.9662,65.08,94,100,0.34,overcast clouds
39,Aswan,EG,24.0934,32.907,88.9,15,0,4.61,clear sky
40,Port Augusta,AU,-32.5,137.7667,57.34,51,99,22.15,overcast clouds
41,Saskylakh,RU,71.9167,114.0833,79.79,35,6,7.92,clear sky
42,Cidreira,BR,-30.1811,-50.2056,55.24,94,3,2.89,clear sky
43,Vaini,TO,-21.2,-175.2,75.36,73,20,16.11,light rain
44,Hermanus,ZA,-34.4187,19.2345,56.8,87,84,6.8,broken clouds
45,Vostok,RU,46.4856,135.8833,82.0,50,95,3.83,overcast clouds
46,Nanortalik,GL,60.1432,-45.2371,45.46,90,100,7.52,moderate rain
47,Pevek,RU,69.7008,170.3133,35.24,89,100,16.17,overcast clouds
48,Barrow,US,71.2906,-156.7887,44.6,75,84,15.57,broken clouds
49,Nemuro,JP,43.3236,145.575,63.03,99,100,3.98,overcast clouds
50,Port Elizabeth,ZA,-33.918,25.5701,61.09,72,20,23.02,moderate rain
51,Bluff,NZ,-46.6,168.3333,46.8,79,100,10.89,moderate rain
52,Tual,ID,-5.6667,132.75,81.27,78,27,10.56,scattered clouds
53,Gat,IL,31.61,34.7642,85.41,65,0,2.19,clear sky
54,Severo-Kurilsk,RU,50.6789,156.125,57.92,67,44,14.0,scattered clouds
55,Male,MV,4.1748,73.5089,82.35,78,75,5.75,broken clouds
56,Belmonte,BR,-15.8631,-38.8828,66.7,69,100,13.89,overcast clouds
57,Ponta Do Sol,PT,32.6667,-17.1,73.13,71,3,3.76,clear sky
58,Dillon,US,34.4166,-79.3712,77.2,80,91,4.63,overcast clouds
59,Chabahar,IR,25.2919,60.643,82.74,86,98,5.46,overcast clouds
60,Hasaki,JP,35.7333,140.8333,91.29,80,22,11.34,few clouds
61,Avarua,CK,-21.2078,-159.775,73.45,94,75,12.66,light rain
62,Olafsvik,IS,64.8945,-23.7142,53.38,90,78,3.38,broken clouds
63,Caohai,CN,26.8661,104.2841,68.49,49,0,3.83,clear sky
64,Hongjiang,CN,27.11,109.9956,91.54,53,0,2.3,light rain
65,Aklavik,CA,68.2191,-135.0107,72.43,50,100,11.48,overcast clouds
66,Yellowknife,CA,62.456,-114.3525,86.52,28,20,9.22,few clouds
67,Rawson,AR,-43.3002,-65.1023,55.38,39,22,6.8,few clouds
68,Berlevag,NO,70.8578,29.0864,45.88,91,100,16.55,light rain
69,Falam,MM,22.9167,93.6833,63.79,99,100,1.72,heavy intensity rain
70,Lagoa,PT,39.05,-27.9833,71.82,95,100,14.45,overcast clouds
71,Jamestown,US,42.097,-79.2353,60.3,93,90,3.0,overcast clouds
72,Kavieng,PG,-2.5744,150.7967,82.83,77,12,9.42,light rain
73,Beloha,MG,-25.1667,45.05,62.31,64,0,7.52,clear sky
74,Manicore,BR,-5.8092,-61.3003,75.29,49,41,2.66,scattered clouds
75,Hovd,MN,48.0056,91.6419,61.7,46,7,2.3,clear sky
76,Arandis,NA,-22.4167,14.9667,62.47,20,0,18.43,clear sky
77,Kapaa,US,22.0752,-159.319,84.18,78,58,3.0,broken clouds
78,Namatanai,PG,-3.6667,152.4333,83.84,72,35,6.13,light rain
79,Ushuaia,AR,-54.8,-68.3,38.86,81,75,11.5,broken clouds
80,Torbay,CA,47.6666,-52.7314,60.58,89,20,17.27,few clouds
81,Vila Velha,BR,-20.3297,-40.2925,62.55,88,75,3.44,broken clouds
82,Brae,GB,60.3964,-1.353,48.11,80,100,11.68,overcast clouds
83,Si Racha,TH,13.1737,100.9311,91.04,58,88,13.56,overcast clouds
84,Porto Novo,BJ,6.4965,2.6036,78.62,90,26,6.24,scattered clouds
85,Lichinga,MZ,-13.3128,35.2406,55.49,82,75,11.5,broken clouds
86,Sharjah,AE,25.3573,55.4033,90.25,42,0,5.75,clear sky
87,Iglesias,IT,39.3114,8.535,68.76,77,15,4.54,few clouds
88,Phalaborwa,ZA,-23.943,31.1411,56.48,27,0,4.45,clear sky
89,Cartagena Del Chaira,CO,1.3349,-74.8429,68.05,95,100,2.21,overcast clouds
90,Salinopolis,BR,-0.6136,-47.3561,77.49,80,87,6.76,overcast clouds
91,Great Falls,US,47.5002,-111.3008,91.85,17,1,5.01,clear sky
92,Hibbing,US,47.4272,-92.9377,67.51,60,1,0.0,clear sky
93,Husavik,IS,66.0449,-17.3389,51.71,73,99,1.61,moderate rain
94,Kodiak,US,57.79,-152.4072,58.51,82,90,6.91,overcast clouds
95,Twin Falls,US,42.3505,-114.6445,68.23,78,100,6.53,overcast clouds
96,Hilo,US,19.7297,-155.09,77.25,83,93,3.0,overcast clouds
97,Chicama,PE,-7.8447,-79.1469,63.14,81,3,5.86,clear sky
98,Kruisfontein,ZA,-34.0033,24.7314,57.88,85,88,10.13,light rain
99,Mataura,NZ,-46.1927,168.8643,46.47,80,100,4.25,overcast clouds
100,Qaanaaq,GL,77.484,-69.3632,41.27,85,69,2.68,broken clouds
101,Mar Del Plata,AR,-38.0023,-57.5575,43.09,1,0,5.01,clear sky
102,Vagur,FO,61.4732,-6.8119,49.78,79,44,4.97,scattered clouds
103,Izhma,RU,65.0083,53.9113,52.99,91,9,1.77,clear sky
104,Katsuura,JP,35.1333,140.3,89.64,80,77,9.57,light rain
105,Merauke,ID,-8.4667,140.3333,81.82,60,3,11.5,clear sky
106,Pahrump,US,36.2083,-115.9839,98.51,23,1,1.79,clear sky
107,Beringovskiy,RU,63.05,179.3167,45.41,74,98,23.31,overcast clouds
108,Atuona,PF,-9.8,-139.0333,77.22,70,22,11.05,few clouds
109,Ust-Nera,RU,64.5667,143.2,60.1,42,3,4.52,clear sky
110,Hithadhoo,MV,-0.6,73.0833,81.14,73,83,6.44,light rain
111,Tuktoyaktuk,CA,69.4541,-133.0374,60.8,82,75,5.75,broken clouds
112,Lebu,CL,-37.6167,-73.65,50.13,79,6,19.57,clear sky
113,Karpathos,GR,35.507,27.2132,79.79,79,1,17.29,clear sky
114,Lapeer,US,43.0514,-83.3188,64.27,88,1,0.0,clear sky
115,Saldanha,ZA,-33.0117,17.9442,46.45,87,37,7.52,scattered clouds
116,Constitucion,CL,-35.3333,-72.4167,53.71,61,0,5.64,clear sky
117,Vardo,NO,70.3705,31.1107,47.26,95,100,17.16,overcast clouds
118,La Ronge,CA,55.1001,-105.2842,80.82,47,20,3.44,smoke
119,Skjervoy,NO,70.0311,20.9714,47.64,72,74,9.08,broken clouds
120,Imeni Babushkina,RU,59.7573,43.1285,57.49,99,97,5.55,overcast clouds
121,Nayoro,JP,44.3506,142.4578,80.11,69,83,4.12,broken clouds
122,Hami,CN,42.8,93.45,76.1,28,5,3.42,clear sky
123,Pingzhuang,CN,42.0372,119.2889,71.78,67,35,14.61,scattered clouds
124,Chokurdakh,RU,70.6333,147.9167,47.28,53,51,7.36,broken clouds
125,Esperance,AU,-33.8667,121.9,53.44,66,100,17.81,overcast clouds
126,Upernavik,GL,72.7868,-56.1549,42.24,80,5,9.35,clear sky
127,Iqaluit,CA,63.7506,-68.5145,47.93,93,90,0.0,light rain
128,Yarke Pole,UA,45.608,34.3172,71.64,68,0,3.36,clear sky
129,Sur,OM,22.5667,59.5289,89.58,57,82,5.01,broken clouds
130,Kyshtovka,RU,56.555,76.6271,62.28,96,93,7.0,light rain
131,Feicheng,CN,35.2606,117.9675,79.79,76,82,6.24,light rain
132,Bredasdorp,ZA,-34.5322,20.0403,56.28,94,100,1.14,overcast clouds
133,Coahuayana,MX,18.7333,-103.6833,80.76,84,47,2.71,scattered clouds
134,Lompoc,US,34.6391,-120.4579,83.57,69,2,10.0,clear sky
135,Sharlyk,RU,52.9167,54.75,71.56,54,46,2.59,scattered clouds
136,Castro,BR,-24.7911,-50.0119,45.18,94,13,3.06,few clouds
137,Aykhal,RU,66.0,111.5,75.79,33,35,12.71,scattered clouds
138,Fairbanks,US,64.8378,-147.7164,79.14,56,75,0.0,broken clouds
139,Udachnyy,RU,66.4167,112.4,78.33,30,25,11.43,scattered clouds
140,Saint-Philippe,RE,-21.3585,55.7679,65.79,73,43,7.18,scattered clouds
141,Jerantut,MY,3.936,102.3626,78.24,89,89,0.92,overcast clouds
142,Saint George,US,37.1041,-113.5841,95.63,27,18,1.99,few clouds
143,Tadine,NC,-21.55,167.8833,71.2,55,40,14.74,scattered clouds
144,Harstad,NO,68.799,16.5293,45.79,99,100,14.0,light rain
145,Tagusao,PH,9.1924,117.8141,86.47,69,21,16.22,few clouds
146,San Jeronimo,PE,-11.9472,-75.2829,46.42,76,58,3.96,broken clouds
147,Mahebourg,MU,-20.4081,57.7,68.29,83,75,11.5,broken clouds
148,Atar,MR,20.5169,-13.0499,85.87,49,64,9.31,broken clouds
149,Aquidauana,BR,-20.4711,-55.7872,66.33,45,98,3.78,overcast clouds
150,Pangoa,PE,-12.1167,-73.0,66.54,70,40,2.55,scattered clouds
151,Bambous Virieux,MU,-20.3428,57.7575,68.25,83,75,11.5,broken clouds
152,Barcelos,PT,41.5388,-8.6151,65.91,94,100,3.29,overcast clouds
153,Arraial Do Cabo,BR,-22.9661,-42.0278,66.33,74,27,13.11,scattered clouds
154,Jardim,BR,-21.4803,-56.1381,61.23,62,100,2.17,overcast clouds
155,Bonthe,SL,7.5264,-12.505,75.76,87,81,9.33,light rain
156,Flinders,AU,-34.5833,150.8552,66.2,80,7,4.0,clear sky
157,Novoagansk,RU,61.9449,76.6625,57.52,72,100,6.91,overcast clouds
158,Pedernales,DO,18.0384,-71.744,81.9,72,93,8.23,overcast clouds
159,Puerto Del Rosario,ES,28.5004,-13.8627,69.55,78,24,14.97,few clouds
160,Palm Beach,US,26.6503,-80.4498,84.97,95,100,5.64,overcast clouds
161,Kismayo,SO,-0.3582,42.5454,74.43,86,99,18.03,light rain
162,Bani Walid,LY,31.7566,13.9942,78.13,31,0,1.07,clear sky
163,Laguna,US,38.421,-121.4238,100.24,31,1,5.99,clear sky
164,New Norfolk,AU,-42.7826,147.0587,53.92,52,72,3.94,broken clouds
165,Srandakan,ID,-7.9386,110.2506,81.19,71,52,12.48,broken clouds
166,Bonavista,CA,48.6499,-53.1147,61.12,80,0,19.71,clear sky
167,Faanui,PF,-16.4833,-151.75,78.1,69,23,15.46,few clouds
168,Isangel,VU,-19.55,169.2667,77.11,57,75,9.22,broken clouds
169,Mutsu,JP,41.2894,141.2169,82.0,64,0,2.64,clear sky
170,Baoding,CN,38.8511,115.4903,79.52,64,58,4.7,broken clouds
171,Kaitangata,NZ,-46.2817,169.8464,53.92,71,100,1.43,overcast clouds
172,Tigil,RU,57.8,158.6667,48.4,89,100,9.89,light rain
173,Nikolskoye,RU,59.7035,30.7861,60.4,83,100,5.32,light rain
174,Aden,YE,12.7794,45.0367,81.72,85,18,13.71,few clouds
175,Lebedinyy,RU,58.5167,125.5167,54.99,89,100,3.24,light rain
176,Snezhnogorsk,RU,69.1933,33.2531,51.58,77,100,7.47,overcast clouds
177,Longyearbyen,SJ,78.2186,15.6401,44.44,76,75,13.8,broken clouds
178,Pangnirtung,CA,66.1451,-65.7125,52.21,79,100,2.19,overcast clouds
179,Rudnyy,KZ,52.9594,63.1206,64.63,65,22,3.87,few clouds
180,Turayf,SA,31.6725,38.6637,75.45,43,0,8.05,clear sky
181,Puerto Ayora,EC,-0.7393,-90.3518,70.56,94,48,3.0,scattered clouds
182,Naze,JP,28.3667,129.4833,83.32,87,78,17.31,broken clouds
183,Waddan,LY,29.1614,16.139,80.6,28,0,4.83,clear sky
184,San Quintin,MX,30.4833,-115.95,71.55,72,4,11.18,clear sky
185,Mortka,RU,59.3322,66.0214,58.64,93,2,8.12,clear sky
186,Alugan,PH,12.2188,125.4808,89.74,58,100,9.62,overcast clouds
187,Kajaani,FI,64.2273,27.7285,57.25,100,90,4.61,overcast clouds
188,Tianpeng,CN,30.9866,103.9393,84.43,53,0,0.43,clear sky
189,Ribeira Grande,PT,38.5167,-28.7,72.79,95,19,13.4,few clouds
190,Stokmarknes,NO,68.5646,14.9108,49.5,85,100,9.35,overcast clouds
191,Redlands,US,34.0556,-117.1825,98.65,30,0,1.01,clear sky
192,Jhunjhunun,IN,28.1307,75.4014,81.01,81,37,10.02,scattered clouds
193,Chuy,UY,-33.6971,-53.4616,50.72,93,79,6.49,broken clouds
194,Souillac,MU,-20.5167,57.5167,67.35,75,0,11.72,clear sky
195,Maneadero,MX,31.7167,-116.5667,87.19,80,6,4.0,clear sky
196,Mahanoro,MG,-19.9,48.8,62.96,89,0,4.36,clear sky
197,Ibra,OM,22.6906,58.5334,85.12,53,100,1.34,overcast clouds
198,Matagami,CA,49.7502,-77.6328,50.09,81,59,5.84,broken clouds
199,Kpandu,GH,6.9954,0.2931,73.27,86,63,4.72,broken clouds
200,Humboldt,US,40.6665,-123.9178,59.13,56,5,4.25,clear sky
201,Port Lincoln,AU,-34.7333,135.8667,52.56,83,100,17.67,light rain
202,Victoria,HK,22.2855,114.1577,88.97,86,100,1.99,overcast clouds
203,Lorengau,PG,-2.0226,147.2712,84.56,75,27,10.02,light rain
204,Karratha,AU,-20.7377,116.8463,69.51,36,0,21.14,clear sky
205,Petropavlovsk-Kamchatskiy,RU,53.0452,158.6483,70.39,53,0,8.95,clear sky
206,Sao Filipe,CV,14.8961,-24.4956,75.33,77,23,0.65,few clouds
207,Pechora,RU,65.1472,57.2244,53.98,94,45,3.02,scattered clouds
208,Tiksi,RU,71.6872,128.8694,52.52,62,20,5.82,few clouds
209,Tuxpan,MX,19.55,-103.4,68.16,94,29,2.39,scattered clouds
210,Innisfail,AU,-17.5333,146.0333,76.71,56,0,7.76,clear sky
211,Praia Da Vitoria,PT,38.7333,-27.0667,75.76,89,99,12.84,overcast clouds
212,Sao Joao Da Barra,BR,-21.6403,-41.0511,66.72,68,74,8.03,broken clouds
213,Lata,PT,40.1629,-8.3327,65.91,95,100,1.05,overcast clouds
214,Kuala Terengganu,MY,5.3302,103.1408,83.07,72,93,2.93,overcast clouds
215,Georgetown,MY,5.4112,100.3354,84.13,75,20,1.01,few clouds
216,Dicabisagan,PH,17.0818,122.4157,90.05,60,99,1.43,overcast clouds
217,Eyl,SO,7.9803,49.8164,79.25,69,0,29.35,clear sky
218,Anchorage,US,61.2181,-149.9003,78.67,68,1,10.0,light rain
219,Burshtyn,UA,49.2587,24.6278,67.05,72,29,6.35,scattered clouds
220,Marsa Matruh,EG,31.3525,27.2453,79.11,86,0,12.21,clear sky
221,Prince Albert,CA,53.2001,-105.7677,86.97,24,44,8.25,scattered clouds
222,Vanimo,PG,-2.6741,141.3028,85.33,66,41,4.97,scattered clouds
223,Santa Rosa,PH,14.3122,121.1114,89.1,70,100,17.63,overcast clouds
224,Dolores,AR,-36.3132,-57.6792,41.86,94,0,5.03,clear sky
225,Geraldton,AU,-28.7667,114.6,55.13,82,83,11.5,broken clouds
226,Portland,US,45.5234,-122.6762,92.35,48,55,1.01,broken clouds
227,Roald,NO,62.5833,6.1333,53.01,76,20,6.91,few clouds
228,Dikson,RU,73.5069,80.5464,42.58,98,100,11.05,overcast clouds
229,Rio Grande,BR,-32.035,-52.0986,46.94,94,0,5.66,clear sky
230,Takoradi,GH,4.8845,-1.7554,74.68,91,4,5.86,clear sky
231,Chamba,IN,32.5667,76.1333,78.67,75,0,2.55,clear sky
232,Guaraniacu,BR,-25.1008,-52.8781,48.85,70,3,2.04,clear sky
233,Escanaba,US,45.7453,-87.0646,64.67,82,12,6.2,few clouds
234,San Jose,US,37.3394,-121.895,78.57,58,1,5.01,clear sky
235,Haverfordwest,GB,51.8017,-4.9691,57.54,93,60,9.71,broken clouds
236,The Valley,AI,18.217,-63.0578,82.81,75,0,15.79,clear sky
237,Ilulissat,GL,69.2167,-51.1,57.22,41,0,26.46,clear sky
238,Manutuke,NZ,-38.6833,177.9167,55.98,57,4,7.05,clear sky
239,Machico,PT,32.7,-16.7667,72.12,77,20,14.97,few clouds
240,Soyo,AO,-6.1349,12.3689,71.4,89,90,4.07,overcast clouds
241,Kirakira,SB,-10.4544,161.9205,81.03,69,100,8.46,overcast clouds
242,Hokitika,NZ,-42.7167,170.9667,53.64,80,78,3.8,broken clouds
243,Port Hedland,AU,-20.3167,118.5667,69.85,32,0,21.85,clear sky
244,Jinchang,CN,38.4953,102.1739,76.32,38,89,19.86,overcast clouds
245,San Policarpo,PH,12.1791,125.5072,89.55,59,100,9.42,overcast clouds
246,Catalao,BR,-18.1658,-47.9464,63.45,58,5,4.61,clear sky
247,Baruun-Urt,MN,46.6806,113.2792,74.01,33,2,14.27,clear sky
248,Fortuna,US,40.5982,-124.1573,67.93,75,20,1.01,few clouds
249,Santiago Del Estero,AR,-27.7951,-64.2615,52.81,30,0,6.38,clear sky
250,Kamaishi,JP,39.2667,141.8833,83.07,75,11,12.66,few clouds
251,Mount Isa,AU,-20.7333,139.5,87.57,29,40,12.66,scattered clouds
252,Biloxi,US,30.396,-88.8853,82.51,76,51,11.88,broken clouds
253,Asau,RO,46.4333,26.4,73.4,76,35,5.79,scattered clouds
254,Cockburn Town,TC,21.4612,-71.1419,82.13,79,100,20.47,overcast clouds
255,Sola,VU,-13.8833,167.55,75.81,60,98,11.99,overcast clouds
256,Santa Cruz,BO,-17.8,-63.1667,65.66,32,20,8.05,smoke
257,Tytuvenai,LT,55.6,23.2,60.71,97,100,2.3,overcast clouds
258,Urumqi,CN,43.801,87.6005,72.55,33,0,4.47,clear sky
259,Gushikawa,JP,26.3544,127.8686,85.62,79,60,16.37,broken clouds
260,Pangody,RU,65.85,74.4859,62.22,58,100,12.95,overcast clouds
261,Fenoarivo,MG,-18.933,47.4354,51.87,93,75,3.44,broken clouds
262,Port Macquarie,AU,-31.4333,152.9167,64.11,62,91,4.9,overcast clouds
263,Bathsheba,BB,13.2167,-59.5167,80.51,77,0,8.55,clear sky
264,Zenzeli,RU,45.9241,47.0474,76.77,53,82,4.32,broken clouds
265,Tommot,RU,58.9564,126.2925,57.69,96,100,9.04,light rain
266,Vanavara,RU,60.34,102.2797,72.18,42,11,7.2,few clouds
267,Pilar,BR,-9.5972,-35.9567,71.53,90,35,4.52,scattered clouds
268,Marystown,CA,47.1666,-55.1483,57.15,90,15,10.65,few clouds
269,Salalah,OM,17.0151,54.0924,74.5,95,100,3.91,overcast clouds
270,Leningradskiy,RU,69.3833,178.4167,34.02,99,100,17.98,light rain
271,Aljezur,PT,37.3191,-8.8033,64.11,97,82,7.29,broken clouds
272,Seoul,KR,37.5683,126.9778,82.81,80,90,6.91,overcast clouds
273,Cordoba,AR,-31.4135,-64.1811,56.75,44,0,4.0,clear sky
274,Harper,LR,4.375,-7.7169,76.28,77,100,6.24,overcast clouds
275,Licheng,CN,23.2955,113.8284,89.53,69,100,3.15,light rain
276,San Martin,AR,-33.081,-68.4681,51.01,33,0,4.65,clear sky
277,Abu Samrah,SY,35.3029,37.1841,76.44,48,0,7.67,clear sky
278,Aigle,CH,46.3181,6.9646,59.36,94,32,1.01,scattered clouds
279,Pacific Grove,US,36.6177,-121.9166,77.16,73,34,5.01,scattered clouds
280,Bure,ET,10.7,37.0667,52.99,96,100,2.57,overcast clouds
281,Airai,TL,-8.9266,125.4092,73.89,48,23,4.16,few clouds
282,Pisco,PE,-13.7,-76.2167,61.02,90,0,4.65,clear sky
283,Sabang,ID,5.8933,95.3214,82.69,73,100,26.66,overcast clouds
284,Alofi,NU,-19.0595,-169.9187,76.23,66,27,25.23,scattered clouds
285,Teocuitatlan De Corona,MX,20.1167,-103.4,67.42,89,89,2.3,overcast clouds
286,Catamarca,AR,-28.4696,-65.7852,57.78,49,0,1.01,clear sky
287,Ossora,RU,59.2353,163.0719,52.83,74,100,6.98,overcast clouds
288,Muravlenko,RU,63.7898,74.523,60.71,67,100,10.16,overcast clouds
289,Tautira,PF,-17.7333,-149.15,80.62,64,4,8.25,clear sky
290,Tromso,NO,69.6496,18.957,47.05,81,90,3.0,overcast clouds
291,Khatanga,RU,71.9667,102.5,69.17,52,95,6.4,overcast clouds
292,Umm Kaddadah,SD,13.6017,26.6876,80.46,65,33,15.43,scattered clouds
293,Ahipara,NZ,-35.1667,173.1667,57.96,66,9,11.45,clear sky
294,Hualmay,PE,-11.0964,-77.6139,63.28,85,35,9.98,scattered clouds
295,Krasnoselkup,RU,65.7,82.4667,62.49,75,96,6.76,overcast clouds
296,Korla,CN,41.7597,86.1469,78.78,15,77,5.17,broken clouds
297,Road Town,VG,18.4167,-64.6167,81.19,75,0,14.43,clear sky
298,Honiara,SB,-9.4333,159.95,81.82,75,74,1.74,light rain
299,Teahupoo,PF,-17.8333,-149.2667,75.16,64,2,8.66,clear sky
300,Makakilo City,US,21.3469,-158.0858,82.72,57,75,11.5,broken clouds
301,Surt,LY,31.2089,16.5887,81.64,71,0,7.87,clear sky
302,Tiarei,PF,-17.5333,-149.3333,80.62,65,2,9.19,clear sky
303,Komsomolskiy,UZ,40.4272,71.7189,78.22,50,10,2.3,clear sky
304,Navalmoral De La Mata,ES,39.8916,-5.5406,63.3,58,56,1.54,broken clouds
305,Chanute,US,37.6792,-95.4572,75.88,63,0,9.33,clear sky
306,Ola,RU,59.5833,151.2833,58.69,45,9,22.93,clear sky
307,Mgandu,TZ,-5.95,34.1333,55.47,73,1,7.61,clear sky
308,Lebyazhye,RU,55.2689,66.4947,66.42,71,77,11.25,broken clouds
309,Finschhafen,PG,-6.6024,147.8681,80.82,77,58,8.39,broken clouds
310,Thunder Bay,CA,48.4001,-89.3168,64.99,77,94,4.14,overcast clouds
311,Ponta Delgada,PT,37.7333,-25.6667,72.32,94,75,12.66,broken clouds
312,Flagstaff,US,35.1981,-111.6513,77.31,72,90,1.99,light rain
313,Quang Ngai,VN,15.1167,108.8,91.45,50,100,3.69,overcast clouds
314,Dingle,PH,10.9995,122.6711,87.69,65,99,15.95,overcast clouds
315,Bingen,DE,48.1113,9.2724,54.36,97,32,3.49,scattered clouds
316,Cozumel,MX,20.5083,-86.9458,84.11,88,0,5.99,clear sky
317,Mazyr,BY,52.0495,29.2456,66.29,88,96,8.86,overcast clouds
318,Hofn,IS,64.2539,-15.2082,53.47,91,99,3.33,overcast clouds
319,Iroquois Falls,CA,48.7669,-80.6831,55.04,70,81,3.8,broken clouds
320,Mehamn,NO,71.0357,27.8492,45.1,92,100,16.8,overcast clouds
321,Shache,CN,38.4167,77.2406,68.36,58,100,13.76,overcast clouds
322,Umm Lajj,SA,25.0213,37.2685,86.92,46,34,3.51,scattered clouds
323,Zhangye,CN,38.9342,100.4517,71.47,43,100,17.22,light rain
324,Copiapo,CL,-27.3667,-70.3333,64.33,48,0,1.01,clear sky
325,Zhangjiakou,CN,40.81,114.8794,72.16,54,7,2.24,clear sky
326,Bengkulu,ID,-3.8004,102.2655,78.35,83,92,7.02,overcast clouds
327,Mancio Lima,BR,-7.6142,-72.8958,68.18,67,6,0.87,clear sky
328,Arica,CL,-18.475,-70.3042,61.03,77,90,4.61,overcast clouds
329,Bintulu,MY,3.1667,113.0333,77.56,90,100,7.18,overcast clouds
330,Pervomayskoye,RU,43.919,46.7102,72.7,71,76,8.05,broken clouds
331,Yulara,AU,-25.2406,130.9889,60.51,31,0,16.15,clear sky
332,Labuhan,ID,-6.8844,112.2051,83.3,63,57,5.3,broken clouds
333,Brigantine,US,39.4101,-74.3646,71.28,89,57,2.91,broken clouds
334,San Andres,CO,12.5847,-81.7006,82.42,83,75,17.27,broken clouds
335,Ambulu,ID,-8.345,113.6058,81.75,69,74,5.41,broken clouds
336,Tres Barras,BR,-26.1064,-50.3222,45.7,98,31,2.37,scattered clouds
337,Waipawa,NZ,-41.4122,175.5153,54.1,62,3,5.68,clear sky
338,Awjilah,LY,29.1081,21.2869,82.26,40,0,7.43,clear sky
339,Talnakh,RU,69.4865,88.3972,63.0,69,91,5.73,overcast clouds
340,Belyy Yar,RU,53.6039,91.3903,64.29,72,0,2.24,clear sky
341,Hervey Bay,AU,-25.2986,152.8535,68.9,82,0,14.7,clear sky
342,Jamkhed,IN,18.7362,75.3121,73.26,82,100,16.78,overcast clouds
343,Macklin,CA,52.3334,-109.9348,87.08,26,58,8.68,broken clouds
344,Inirida,CO,3.8653,-67.9239,70.34,98,83,1.81,broken clouds
345,Shreveport,US,32.5251,-93.7502,88.09,69,90,0.0,thunderstorm
346,Carnarvon,AU,-24.8667,113.6333,59.07,49,0,17.27,clear sky
347,Byron Bay,AU,-28.65,153.6167,73.06,88,100,8.75,overcast clouds
348,Chipinge,ZW,-20.1883,32.6236,50.54,52,0,2.48,clear sky
349,Tsumeb,NA,-19.2333,17.7167,56.1,36,0,9.71,clear sky
350,Dunedin,NZ,-45.8742,170.5036,51.8,76,100,17.0,overcast clouds
351,Baykit,RU,61.67,96.37,67.66,70,100,3.58,overcast clouds
352,Cullera,ES,39.1667,-0.25,73.96,75,64,1.01,broken clouds
353,Lloydminster,CA,53.2835,-110.0016,85.46,24,100,4.45,overcast clouds
354,Kincardine,GB,56.0667,-3.7167,52.56,84,99,1.66,overcast clouds
355,Salinas,US,36.6777,-121.6555,77.22,65,1,7.27,clear sky
356,De Aar,ZA,-30.6497,24.0123,42.53,56,15,1.34,few clouds
357,Chake Chake,TZ,-5.2459,39.7666,71.83,86,18,8.52,few clouds
358,Padang,ID,-0.9492,100.3543,80.65,84,100,3.6,overcast clouds
359,Yeppoon,AU,-23.1333,150.7333,76.78,57,0,9.28,clear sky
360,Sarai Alamgir,PK,32.9012,73.7559,82.38,63,1,7.05,clear sky
361,Grindavik,IS,63.8424,-22.4338,52.56,93,75,4.61,broken clouds
362,Udaipur,IN,24.5712,73.6918,76.1,90,100,5.46,overcast clouds
363,Biharamulo,TZ,-2.6319,31.3089,60.53,59,2,3.11,clear sky
364,Norman Wells,CA,65.282,-126.8329,88.77,26,4,6.49,clear sky
365,Zambezi,ZM,-13.5432,23.1047,52.02,62,0,5.86,clear sky
366,Senador Canedo,BR,-16.7081,-49.0931,66.2,52,3,6.04,clear sky
367,Ukiah,US,39.1502,-123.2078,91.53,33,1,4.97,clear sky
368,Adrar,MR,20.5022,-10.0711,89.89,32,45,5.91,scattered clouds
369,Anadyr,RU,64.75,177.4833,52.3,76,40,6.71,scattered clouds
370,Sikonge,TZ,-5.6333,32.7667,60.6,64,9,4.97,clear sky
371,Bowen,AU,-20.0167,148.2333,74.14,59,0,9.93,clear sky
372,Christchurch,NZ,-43.5333,172.6333,56.32,80,75,8.01,broken clouds
373,Garden City,US,42.3256,-83.331,66.88,72,0,1.01,clear sky
374,Brunico,IT,46.7958,11.9364,52.38,94,32,1.83,scattered clouds
375,Villazon,BO,-22.0866,-65.5942,34.09,62,70,7.49,broken clouds
376,Clyde River,CA,70.4692,-68.5914,37.69,93,100,7.11,overcast clouds
377,Mbandaka,CD,0.0487,18.2603,69.48,86,88,2.13,overcast clouds
378,Kharakvasla,IN,18.4333,73.7667,72.01,90,100,13.29,overcast clouds
379,Port Blair,IN,11.6667,92.75,82.67,81,100,19.22,overcast clouds
380,Hortobagy,HU,47.5828,21.1511,64.6,82,92,11.12,overcast clouds
381,Kostomuksha,RU,64.571,30.5767,53.38,97,15,5.61,few clouds
382,Westport,US,41.1415,-73.3579,71.74,82,90,3.0,overcast clouds
383,Acari,PE,-15.4311,-74.6158,66.13,69,52,3.56,broken clouds
384,Saint Anthony,US,45.0205,-93.218,73.65,52,1,3.44,clear sky
385,Vaitape,PF,-16.5167,-151.75,78.1,69,23,15.37,few clouds
386,San Patricio,US,28.017,-97.5169,85.89,70,2,14.32,clear sky
387,Tacuarembo,UY,-31.7333,-55.9833,43.92,89,0,4.23,clear sky
388,Kamenka,RU,51.3223,42.7678,69.51,68,4,4.56,clear sky
389,Avenal,US,36.0041,-120.129,100.22,9,0,14.72,clear sky
390,Rreshen,AL,41.7675,19.8756,76.28,37,3,4.88,clear sky
391,Gizo,SB,-8.103,156.8419,81.05,79,36,11.83,light rain
392,Saint-Andre-Avellin,CA,45.7168,-75.066,60.73,96,100,2.42,overcast clouds
393,Dawson Creek,CA,55.7666,-120.2362,81.57,47,100,6.02,overcast clouds
394,Corn Island,NI,12.1694,-83.0418,82.11,81,99,20.85,overcast clouds
395,Provideniya,RU,64.3833,-173.3,44.71,76,90,20.13,moderate rain
396,Asyut,EG,27.181,31.1837,85.91,20,11,4.03,few clouds
397,Aksarka,RU,66.5606,67.7975,58.3,90,98,6.38,overcast clouds
398,Southbridge,US,42.0751,-72.0334,67.3,87,45,4.9,scattered clouds
399,Gunjur,GM,13.2019,-16.7339,75.27,100,40,9.22,scattered clouds
400,Dapdap,PH,12.062,125.4881,89.47,59,100,8.55,overcast clouds
401,Nyurba,RU,63.2842,118.3319,79.66,42,100,9.89,overcast clouds
402,Nhulunbuy,AU,-12.2333,136.7667,84.81,61,90,13.8,overcast clouds
403,Mabaruma,GY,8.2,-59.7833,72.72,99,99,2.77,overcast clouds
404,Nambour,AU,-26.6333,152.95,78.33,73,7,1.99,clear sky
405,Biak,ID,-0.9131,122.8766,81.75,70,16,5.57,few clouds
406,Jalingo,NG,8.8833,11.3667,72.12,96,100,3.89,overcast clouds
407,Nyimba,ZM,-14.5566,30.8149,62.26,59,50,2.93,scattered clouds
408,Te Anau,NZ,-45.4167,167.7167,48.25,85,100,2.04,moderate rain
409,Smithers,CA,54.7804,-127.1743,89.56,32,3,2.73,clear sky
410,Poum,NC,-20.2333,164.0167,69.44,57,2,12.8,clear sky
411,Maxixe,MZ,-23.8597,35.3472,59.59,88,0,4.52,clear sky
412,Northam,GB,51.0333,-4.2167,57.61,90,40,5.75,scattered clouds
413,Medea,DZ,36.2642,2.7539,64.85,65,100,1.61,overcast clouds
414,Axim,GH,4.8699,-2.2405,75.18,89,8,4.79,clear sky
415,Suluq,LY,31.6682,20.2521,80.56,38,0,9.86,clear sky
416,Coihaique,CL,-45.5752,-72.0662,49.95,76,98,12.66,light rain
417,Mizdah,LY,31.4451,12.9801,80.65,20,0,5.82,clear sky
418,Thompson,CA,55.7435,-97.8558,74.57,40,77,3.87,broken clouds
419,Vohibinany,MG,-17.35,49.0333,62.92,97,98,2.06,overcast clouds
420,Saint-Pierre,RE,-21.3393,55.4781,65.88,60,37,9.22,scattered clouds
421,Boende,CD,-0.2167,20.8667,71.2,78,100,2.73,overcast clouds
422,Ostrovnoy,RU,68.0531,39.5131,50.0,81,34,7.83,scattered clouds
423,Kaoma,ZM,-14.7833,24.8,50.52,77,0,5.55,clear sky
424,Bodaybo,RU,57.8506,114.1933,56.61,92,100,1.63,overcast clouds
425,Robertsport,LR,6.7533,-11.3686,77.56,78,100,12.68,overcast clouds
426,Scarborough,GB,54.2797,-0.4044,52.92,87,46,3.0,scattered clouds
427,Kamiiso,JP,41.8167,140.65,78.94,80,89,4.38,overcast clouds
428,Emba,KZ,48.8264,58.1442,80.74,39,6,6.26,clear sky
429,Cururupu,BR,-1.8283,-44.8683,72.36,80,41,1.25,scattered clouds
430,Kunigal,IN,13.0222,77.0267,71.11,74,100,13.49,overcast clouds
431,Pitimbu,BR,-7.4706,-34.8086,73.99,84,28,16.82,scattered clouds
432,Buala,SB,-8.145,159.5921,79.7,84,100,7.34,light rain
433,Bandundu,CD,-3.3167,17.3667,74.93,52,99,3.18,overcast clouds
434,Awbari,LY,26.5921,12.7805,83.48,13,0,4.12,clear sky
435,Deputatskiy,RU,69.3,139.9,52.54,49,10,9.78,clear sky
436,Rudnya,RU,54.947,31.0934,62.37,95,100,5.39,overcast clouds
437,Nosy Varika,MG,-20.5833,48.5333,62.22,90,9,3.98,clear sky
438,Camopi,GF,3.1655,-52.3158,70.63,99,45,1.57,scattered clouds
439,Kiunga,PG,-6.1219,141.2906,81.16,73,98,3.24,overcast clouds
440,Gondanglegi,ID,-7.7479,112.0132,83.59,64,8,13.44,clear sky
441,Havelock,US,34.8791,-76.9013,77.94,96,21,1.01,few clouds
442,Manuk Mangkaw,PH,4.8,119.85,84.69,71,100,14.97,light rain
443,Bonfim,BR,3.0833,-59.95,73.8,95,100,4.38,overcast clouds
444,Sydney,AU,-33.8679,151.2073,65.62,57,29,1.01,scattered clouds
445,Esso,RU,55.9333,158.7,50.34,86,99,3.47,light rain
446,Shingu,JP,33.7333,135.9833,86.92,68,100,6.15,overcast clouds
447,Flin Flon,CA,54.7682,-101.865,78.21,36,2,5.1,clear sky
448,Waterboro,US,43.5356,-70.7151,66.42,82,75,0.0,broken clouds
449,Haines Junction,CA,60.7522,-137.5108,81.28,27,31,4.5,scattered clouds
450,Kawalu,ID,-7.3817,108.2082,75.04,87,92,2.91,overcast clouds
451,Iquitos,PE,-3.7481,-73.2472,75.24,88,75,0.0,broken clouds
452,Palmer,US,42.1584,-72.3287,67.14,80,90,4.61,moderate rain
453,Aripuana,BR,-9.1667,-60.6333,73.02,46,86,2.82,overcast clouds
454,San Carlos,VE,9.6612,-68.5827,72.19,98,100,1.74,overcast clouds
455,San Cristobal,VE,7.7669,-72.225,75.38,98,100,5.79,overcast clouds
456,Plavinas,LV,56.6178,25.7255,58.62,99,100,3.18,light rain
457,Borzya,RU,50.3833,116.5167,72.64,53,38,11.34,scattered clouds
458,Luderitz,NA,-26.6481,15.1594,62.55,38,0,6.15,clear sky
459,Ancud,CL,-41.8697,-73.8203,45.93,87,100,4.16,overcast clouds
460,Charters Towers,AU,-20.1,146.2667,81.1,34,0,10.65,clear sky
461,Guerrero Negro,MX,27.9769,-114.0611,75.92,71,0,16.75,clear sky
462,Shimoda,JP,34.6667,138.95,84.52,71,72,9.42,broken clouds
463,Homer,US,59.6425,-151.5483,75.07,80,1,10.36,clear sky
464,North Platte,US,41.1239,-100.7654,76.01,55,1,4.0,clear sky
465,Bushehr,IR,28.9684,50.8385,93.09,52,5,2.75,clear sky
466,Kazerun,IR,29.6195,51.6541,84.58,25,7,2.44,clear sky
467,Tura,IN,25.5198,90.2201,76.89,96,99,4.74,overcast clouds
468,Betsiamites,CA,48.9413,-68.646,57.29,90,91,4.27,overcast clouds
469,Turukhansk,RU,65.8167,87.9833,67.01,58,100,7.25,overcast clouds
470,Limay,PH,14.5333,120.55,86.32,86,100,20.67,overcast clouds
471,Raga,SS,8.4596,25.678,67.82,95,100,4.25,overcast clouds
472,Port Hawkesbury,CA,45.6169,-61.3485,63.59,90,1,6.8,clear sky
473,Kotka,FI,60.4664,26.9458,58.26,79,100,15.82,overcast clouds
474,Nuuk,GL,64.1835,-51.7216,56.01,76,90,3.44,drizzle
475,Nikki,BJ,9.9401,3.2108,71.22,95,100,5.77,overcast clouds
476,Pajan,EC,-1.5667,-80.4167,72.25,83,45,5.06,scattered clouds
477,Coos Bay,US,43.3665,-124.2179,65.98,91,90,13.8,overcast clouds
478,Cervo,ES,43.6702,-7.4101,59.97,84,26,2.39,scattered clouds
479,Srednekolymsk,RU,67.45,153.6833,44.06,55,100,9.28,overcast clouds
480,Jutai,BR,-5.1833,-68.9,70.03,65,38,1.74,scattered clouds
481,Bucerias,MX,20.75,-105.3333,81.84,81,4,1.92,clear sky
482,Uromi,NG,6.7,6.3333,67.59,98,65,3.8,broken clouds
483,Armeria,MX,18.9333,-103.9667,85.77,85,3,4.27,clear sky
484,Kimberley,ZA,-28.7323,24.7623,42.98,57,0,2.57,clear sky
485,Indianola,US,41.3581,-93.5574,73.26,67,45,10.11,scattered clouds
486,Bubaque,GW,11.2833,-15.8333,79.52,82,84,19.28,light rain
487,Lakatoro,VU,-16.0999,167.4164,74.37,61,56,10.58,broken clouds
488,Onomichi,JP,34.4167,133.2,93.18,61,92,6.58,overcast clouds
489,Mapimi,MX,25.8167,-103.85,86.77,40,75,0.27,broken clouds
490,Quesnel,CA,52.9999,-122.5029,76.87,54,100,5.46,overcast clouds
491,Sept-Iles,CA,50.2001,-66.3821,59.05,87,86,1.99,overcast clouds
492,Acapulco,MX,16.8634,-99.8901,85.82,74,40,6.91,scattered clouds
493,Vangaindrano,MG,-23.35,47.6,63.72,90,60,5.06,broken clouds
494,Columbia,US,34.0007,-81.0348,83.19,79,75,0.0,broken clouds
495,Lima,PE,-12.0432,-77.0282,61.14,84,90,6.91,overcast clouds
496,Tezu,IN,27.9167,96.1667,86.32,64,2,2.08,clear sky
497,Rosario Do Sul,BR,-30.2583,-54.9142,47.88,87,0,6.76,clear sky
498,Tuatapere,NZ,-46.1333,167.6833,46.81,93,100,6.98,light rain
499,Ambilobe,MG,-13.2,49.05,67.1,79,29,2.21,scattered clouds
500,Milledgeville,US,33.0801,-83.2321,80.96,85,28,4.18,scattered clouds
501,Dudinka,RU,69.4058,86.1778,61.74,75,90,5.55,overcast clouds
502,Mocuba,MZ,-16.8392,36.9856,57.49,91,0,2.93,clear sky
503,Bol,TD,13.4586,14.7147,78.67,84,100,16.44,overcast clouds
504,College,US,64.8569,-147.8028,78.75,56,75,4.61,broken clouds
505,Narsaq,GL,60.9167,-46.05,55.62,79,100,1.57,light rain
506,Kijang,KR,35.2442,129.2139,85.91,69,100,9.93,overcast clouds
507,Treinta Y Tres,UY,-33.2333,-54.3833,44.58,96,0,4.83,clear sky
508,Cairns,AU,-16.9167,145.7667,87.06,54,40,16.11,scattered clouds
509,Bouca,CF,6.5105,18.2733,68.02,96,100,3.51,overcast clouds
510,Colimes,EC,-1.55,-80.0167,76.86,68,70,6.22,broken clouds
511,Bilma,NE,18.6853,12.9164,90.86,12,12,5.32,few clouds
512,Kalmunai,LK,7.4167,81.8167,81.41,73,100,7.4,overcast clouds
513,Sao Bernardo,BR,-3.3614,-42.4178,72.93,87,92,3.2,overcast clouds
514,Phangnga,TH,8.4509,98.5298,84.24,88,99,8.66,overcast clouds
515,Bambanglipuro,ID,-7.95,110.2833,81.27,70,52,12.88,broken clouds
516,Havre-Saint-Pierre,CA,50.2334,-63.5986,55.26,78,59,8.72,broken clouds
517,Kailua,US,21.4022,-157.7394,87.78,62,1,14.97,clear sky
518,Ladario,BR,-19.0047,-57.6017,63.84,48,24,4.43,few clouds
519,Areka,ET,7.0667,37.7,58.57,86,98,3.27,overcast clouds
520,Uberaba,BR,-19.7483,-47.9319,63.28,55,6,4.23,clear sky
521,San Pedro,PH,14.35,121.0167,89.31,70,100,19.86,overcast clouds
522,Darhan,MN,49.4867,105.9228,63.01,91,100,4.18,light rain
523,Dali,CN,25.7,100.1833,72.61,63,0,1.57,clear sky
524,Santa Maria,BR,-29.6842,-53.8069,49.23,88,0,2.15,clear sky
525,Arman,RU,59.7,150.1667,59.45,41,7,29.39,clear sky
526,Orlik,RU,52.5178,99.825,49.51,94,100,4.61,moderate rain
527,Anloga,GH,5.7947,0.8973,75.94,88,13,9.1,few clouds
528,Khandbari,NP,27.3747,87.2039,76.19,86,97,3.65,overcast clouds
529,Yei,SS,4.095,30.6779,65.55,97,100,4.41,overcast clouds
530,Guapimirim,BR,-22.5372,-42.9819,64.08,85,6,3.31,clear sky
531,Mountain Home,US,43.133,-115.6912,77.74,48,20,3.44,few clouds
532,Blagoyevo,RU,63.3667,47.9167,57.0,95,98,5.7,light rain
533,Sangar,RU,63.9242,127.4739,77.41,31,90,6.46,overcast clouds
534,Trinidad,BO,-14.8333,-64.9,69.85,28,9,8.03,clear sky
535,Pangai,TO,-19.8,-174.35,74.46,68,6,22.39,clear sky
536,Luanda,AO,-8.8368,13.2343,73.4,83,75,5.75,broken clouds
537,Samarai,PG,-10.6167,150.6667,78.67,64,92,8.28,overcast clouds
538,Sungaipenuh,ID,-2.0833,101.3833,72.14,74,100,2.13,overcast clouds
539,Woodward,US,36.4337,-99.3904,74.93,77,1,0.0,clear sky
540,Fallon,US,39.4735,-118.7774,91.27,21,1,6.91,clear sky
541,Zhigansk,RU,66.7697,123.3711,75.51,44,3,14.85,clear sky
542,Lazi,UA,48.0667,24.2333,64.56,88,8,3.6,clear sky
543,Vega De Alatorre,MX,20.0333,-96.6333,80.83,81,16,6.38,few clouds
544,Cooma,AU,-36.2333,149.1333,51.53,35,0,8.16,clear sky
545,Sovetskiy,RU,61.3614,63.5842,57.72,90,12,7.7,few clouds
546,Manoel Urbano,BR,-8.8389,-69.2597,67.44,56,0,2.42,clear sky
547,Springfield,US,37.2153,-93.2982,75.06,79,90,1.01,overcast clouds
548,Ketchikan,US,55.3422,-131.6461,68.47,68,1,6.91,clear sky
549,Skibbereen,IE,51.55,-9.2667,53.4,86,100,5.01,overcast clouds
550,Beian,NO,63.6559,9.5683,51.01,87,40,3.44,scattered clouds
551,Kichera,RU,55.9375,110.0997,64.17,65,100,5.59,overcast clouds
552,Pemba,MZ,-12.974,40.5178,66.9,82,20,8.05,few clouds
553,Qasigiannguit,GL,68.8193,-51.1922,57.45,57,0,9.64,clear sky
554,Sitka,US,57.0531,-135.33,62.49,72,75,3.44,broken clouds
555,Manta,EC,-0.95,-80.7333,73.18,83,75,12.66,broken clouds
556,Gazanjyk,TM,39.2446,55.5154,81.12,15,1,2.95,clear sky
557,Half Moon Bay,US,37.4636,-122.4286,76.62,68,20,9.22,few clouds
558,Lowicz,PL,52.1071,19.9453,59.65,93,100,9.6,light rain
559,Enid,US,36.3956,-97.8784,78.15,71,1,4.61,haze
560,Semporna,MY,4.4818,118.6112,84.9,68,99,5.03,light rain
561,Ilhabela,BR,-23.7781,-45.3581,64.44,81,62,9.6,broken clouds
562,Chulumani,BO,-16.4096,-67.5263,55.53,95,84,0.22,broken clouds
563,Joshimath,IN,30.5667,79.5667,72.86,84,97,4.12,overcast clouds
564,Grao Mogol,BR,-16.5594,-42.8897,50.68,76,4,3.78,clear sky
565,Lasa,IT,46.6166,10.7002,51.03,90,76,5.32,broken clouds
566,Ewa Beach,US,21.3156,-158.0072,87.75,48,40,11.5,scattered clouds
567,Necochea,AR,-38.5473,-58.7368,38.03,67,0,8.72,clear sky
568,Watsa,CD,3.0372,29.5355,62.49,98,92,1.81,overcast clouds
569,Emerald,AU,-23.5333,148.1667,79.34,50,0,5.55,clear sky
570,Schwarzenbach,DE,49.7333,12.0,57.29,96,90,3.44,overcast clouds
571,Polunochnoye,RU,60.8697,60.4153,58.44,81,0,4.72,clear sky
572,Qaqortoq,GL,60.7167,-46.0333,55.9,89,100,12.12,light rain
573,Puerto Carreno,CO,6.189,-67.4859,74.5,87,57,5.68,broken clouds
574,Goderich,CA,43.7501,-81.7165,66.9,79,42,13.6,scattered clouds
575,Kapoeta,SS,4.7717,33.5903,76.66,56,98,1.92,overcast clouds
576,Bilibino,RU,68.0546,166.4372,47.75,50,97,9.95,overcast clouds
577,Naryan-Mar,RU,67.6713,53.087,50.68,83,85,6.87,overcast clouds
578,Pilas,ES,37.3034,-6.301,70.54,60,99,3.47,overcast clouds
579,Westerland,DE,54.9079,8.3033,59.02,77,75,19.57,broken clouds
580,Duobao,CN,30.67,112.6895,87.84,74,98,10.04,overcast clouds
581,Guanica,PR,17.9716,-66.908,81.99,85,74,6.22,broken clouds
582,Antonina,BR,-25.4286,-48.7119,62.73,93,89,1.28,overcast clouds
583,Bollnas,SE,61.3482,16.3946,52.12,98,100,5.73,moderate rain
584,Waingapu,ID,-9.6567,120.2641,84.22,61,91,14.23,overcast clouds
585,Yining,CN,29.0361,114.5636,92.57,57,0,2.86,light rain
586,Gonc,HU,48.4667,21.2833,64.98,91,76,6.53,broken clouds
587,Vieux-Habitants,GP,16.0589,-61.7659,76.57,78,0,9.06,clear sky
588,Sudzha,RU,51.1976,35.2726,70.32,57,3,6.89,clear sky
589,Quatre Cocos,MU,-20.2078,57.7625,67.08,70,9,12.53,clear sky
590,Spassk,RU,52.747,87.7545,67.64,60,68,3.33,broken clouds
591,Kahului,US,20.8947,-156.47,83.46,65,20,29.93,few clouds
592,Taoudenni,ML,22.6783,-3.9836,96.06,25,66,13.22,broken clouds
593,Kloulklubed,PW,7.0419,134.2556,82.9,73,100,14.12,overcast clouds
594,Nouadhibou,MR,20.931,-17.0347,69.66,86,1,17.98,clear sky
595,Zaranj,AF,30.9667,61.8833,84.63,14,0,28.41,clear sky
596,Ixtapa,MX,20.7,-105.2,85.23,74,75,11.5,broken clouds
597,Sabzevar,IR,36.2126,57.6819,75.63,16,0,13.62,clear sky
598,Rocha,UY,-34.4833,-54.3333,44.29,96,0,3.58,clear sky
599,Veshenskaya,RU,49.6303,41.7334,73.24,58,6,1.03,clear sky
600,Namtsy,RU,62.7161,129.6658,80.71,20,100,12.46,overcast clouds
601,Burghausen,DE,48.1667,12.8333,57.31,11,100,6.11,overcast clouds
602,Olinda,BR,-8.0089,-34.8553,73.13,88,40,8.05,scattered clouds
603,Medyn,RU,54.9692,35.8586,66.13,98,100,4.65,overcast clouds
604,Barreirinhas,BR,-2.7469,-42.8264,73.13,91,26,2.8,scattered clouds
605,Florianopolis,BR,-27.6146,-48.5012,62.62,87,75,3.44,broken clouds
606,Ashland,US,40.8167,-82.2665,64.96,85,0,7.23,clear sky
607,Sioux Lookout,CA,50.1001,-91.917,61.36,65,74,3.53,broken clouds
608,Namibe,AO,-15.1961,12.1522,66.78,87,8,2.19,clear sky
609,Banda Aceh,ID,5.5577,95.3222,81.45,73,100,16.84,overcast clouds
610,Tariba,VE,7.8188,-72.2243,75.76,95,100,6.17,overcast clouds
611,Batangafo,CF,7.3008,18.2833,70.05,97,99,3.18,light rain
612,Churhat,IN,24.428,81.6703,75.56,87,100,12.33,overcast clouds
613,Stromness,GB,58.965,-3.296,50.25,78,100,11.36,overcast clouds
614,Teguldet,RU,57.3064,88.1667,61.81,83,2,2.82,clear sky
615,Blagoveshchenka,RU,52.8333,79.8667,71.65,51,51,5.46,broken clouds
616,Lakes Entrance,AU,-37.8811,147.981,60.19,45,0,5.88,clear sky
617,Silver City,US,32.7701,-108.2803,76.96,59,1,3.0,clear sky
618,Neryungri,RU,56.6709,124.6491,53.62,97,100,4.61,overcast clouds
619,Sisimiut,GL,66.9395,-53.6735,50.34,68,0,7.67,clear sky
620,Madang,PG,-5.2246,145.7966,84.6,70,21,4.5,few clouds
621,Sao Felix Do Xingu,BR,-6.6447,-51.995,76.89,48,63,1.99,broken clouds
622,Pervomayskiy,RU,53.2485,40.2871,67.14,57,5,6.82,clear sky
623,Taunggyi,MM,20.7833,97.0333,66.79,89,100,5.1,overcast clouds
624,Yumen,CN,40.2833,97.2,70.18,38,32,3.62,scattered clouds
625,Hobyo,SO,5.3505,48.5268,76.46,77,6,21.07,clear sky
626,Tateyama,JP,34.9833,139.8667,87.82,76,79,8.12,moderate rain
627,Sao Jose Da Coroa Grande,BR,-8.8978,-35.1478,72.82,81,11,12.97,few clouds
628,Khani,GE,41.9563,42.9566,58.57,91,12,3.76,few clouds
629,Ornskoldsvik,SE,63.2909,18.7153,52.75,71,90,8.05,overcast clouds
630,Kariba,ZW,-16.5167,28.8,58.77,67,3,4.0,clear sky
631,Saryg-Sep,RU,51.5,95.6,59.02,78,98,2.68,overcast clouds
632,Nicoya,CR,10.1483,-85.452,78.35,86,100,4.5,overcast clouds
633,Kindu,CD,-2.95,25.95,74.8,46,100,2.64,overcast clouds
634,Whitefish,US,48.4111,-114.3376,70.9,86,90,10.36,smoke
635,Mikhaylovka,RU,50.06,43.2379,73.17,49,19,2.55,few clouds
636,Meulaboh,ID,4.1363,96.1285,78.42,80,90,2.08,overcast clouds
637,Zyryanka,RU,65.75,150.85,50.74,46,37,13.87,scattered clouds
638,Sheridan,US,44.8333,-106.9173,86.18,28,1,4.0,clear sky
639,Mananjary,MG,-21.2167,48.3333,61.74,93,17,4.16,few clouds
640,Batagay-Alyta,RU,67.8006,130.4114,70.03,41,0,4.54,clear sky
641,Kologriv,RU,58.8275,44.3178,58.87,99,100,5.23,overcast clouds
642,Nalut,LY,30.3333,10.85,85.75,15,4,8.28,clear sky
643,Gisborne,NZ,-38.6533,178.0042,55.94,59,2,8.39,clear sky
644,Port Pirie,AU,-33.1833,138.0167,57.79,63,57,23.76,broken clouds
645,Kununurra,AU,-15.7667,128.7333,89.58,43,9,4.61,clear sky
646,Muisne,EC,0.6,-80.0333,75.99,83,100,8.59,overcast clouds
647,Henties Bay,NA,-22.116,14.2845,68.4,34,0,7.94,clear sky
648,Mareeba,AU,-17.0,145.4333,80.44,45,1,6.93,clear sky
649,Mezen,RU,65.8522,44.24,51.64,71,100,5.75,overcast clouds
650,Port Hardy,CA,50.6996,-127.4199,63.43,76,4,14.29,clear sky
651,Fuyang,CN,32.9,115.8167,85.96,80,1,7.4,light rain
652,Pokosnoye,RU,55.5258,101.0536,56.26,96,100,8.23,light rain
653,Presidencia Roque Saenz Pena,AR,-26.7852,-60.4388,52.7,53,0,5.08,clear sky
654,Terrace Bay,CA,48.7834,-87.1,57.2,81,100,5.73,overcast clouds
655,Alihe,CN,50.5667,123.7167,70.9,51,57,3.44,broken clouds
656,Uige,AO,-7.6087,15.0613,59.95,90,49,1.61,scattered clouds
657,Mayo,US,38.8876,-76.5119,74.08,94,1,1.01,clear sky
658,Morgan City,US,29.6994,-91.2068,84.0,100,1,0.0,clear sky
659,Zhuhai,CN,22.2769,113.5678,88.72,84,40,4.61,scattered clouds
660,Perth,AU,-31.9333,115.8333,55.67,81,90,3.44,light intensity drizzle
661,Petropavl,KZ,54.8753,69.1628,67.77,82,10,9.04,clear sky
662,Ternate,ID,0.8,127.4,83.66,74,76,6.85,broken clouds
663,Garissa,KE,-0.4536,39.6401,70.77,81,65,14.23,broken clouds
664,Marawi,PH,7.9986,124.2928,81.91,59,64,5.86,broken clouds
665,Ocos,GT,14.5094,-92.1933,84.99,77,100,7.47,overcast clouds
666,Ilam,NP,26.9167,87.9167,71.71,93,100,3.13,overcast clouds
667,Muros,ES,42.7762,-9.0603,63.23,91,93,7.81,overcast clouds
668,Peniche,PT,39.3558,-9.3811,70.72,95,58,5.14,broken clouds
669,Springbok,ZA,-29.6643,17.8865,51.4,27,38,5.06,scattered clouds
670,Paamiut,GL,61.994,-49.6678,45.97,91,100,6.06,light rain
671,Davila,PH,18.4726,120.5763,82.2,88,100,26.62,moderate rain
672,Aguimes,ES,27.9054,-15.4461,68.67,68,40,23.02,scattered clouds
673,Teya,RU,60.3778,92.6267,63.45,70,86,3.62,overcast clouds
674,Manzhouli,CN,49.6,117.4333,70.48,55,1,11.16,clear sky
675,Crixas,BR,-14.5489,-49.9692,74.34,35,7,3.85,clear sky
676,Chardara,KZ,41.2547,67.9692,76.28,34,0,3.71,clear sky
677,Imeni Poliny Osipenko,RU,52.4201,136.4853,65.25,70,100,2.17,overcast clouds
678,Vao,NC,-22.6667,167.4833,67.46,58,3,13.13,clear sky
679,Praya,CV,14.9215,-23.5087,75.74,78,20,4.61,few clouds
680,Chapais,CA,49.7834,-74.8492,52.65,76,100,5.26,overcast clouds
681,Lebanon,US,36.2081,-86.2911,75.96,83,40,0.0,scattered clouds
682,Suhbaatar,MN,50.2314,106.2078,61.5,88,100,4.27,overcast clouds
683,Helong,CN,42.5397,128.9972,74.05,94,100,5.3,overcast clouds
684,Feroke,IN,11.1774,75.8337,74.34,88,75,2.3,mist
685,Madera,US,37.1666,-119.8343,104.45,17,0,1.99,clear sky
686,Zhicheng,CN,30.2956,111.5047,88.88,66,56,3.96,light rain
687,London,GB,51.5085,-0.1257,57.0,92,10,0.0,clear sky
688,Shenjiamen,CN,29.9576,122.298,80.82,89,100,11.86,overcast clouds
689,Lubin,PL,51.4009,16.2015,60.98,92,100,10.58,overcast clouds
690,Cheyenne,US,41.14,-104.8203,70.9,49,100,1.99,overcast clouds
691,Adre,TD,13.4667,22.2,69.4,84,100,15.77,overcast clouds
692,Verkh-Usugli,RU,52.7,115.1667,67.1,52,0,5.55,clear sky
693,Sumbe,AO,-11.2061,13.8437,69.94,92,29,3.51,scattered clouds
694,Progreso,MX,21.2833,-89.6667,80.71,80,99,12.44,overcast clouds
695,Charneca De Caparica,PT,38.6206,-9.1915,69.98,88,75,4.61,mist
696,Allende,MX,25.2833,-100.0167,89.58,47,6,6.29,clear sky
697,Kosh-Agach,RU,50.0,88.6667,56.7,43,11,1.5,few clouds
698,Klyavlino,RU,54.2649,52.0267,66.11,57,48,2.73,scattered clouds
699,Saint-Joseph,RE,-21.3667,55.6167,64.78,71,35,7.81,scattered clouds
700,Arlit,NE,18.7369,7.3853,93.67,30,6,12.5,clear sky
701,Pacasmayo,PE,-7.4006,-79.5714,64.35,86,0,9.75,clear sky
702,Cayenne,GF,4.9333,-52.3333,80.1,86,14,5.01,light rain
703,Catuday,PH,16.2923,119.8062,81.97,82,100,21.81,overcast clouds
704,Kyrylivka,UA,46.3759,35.3675,77.49,64,0,8.93,clear sky
705,Pandan,PH,14.0453,124.1694,87.22,67,100,13.0,overcast clouds
706,Yingkou,CN,40.6648,122.2283,77.92,76,65,7.14,light rain
707,Alice Springs,AU,-23.7,133.8833,67.55,28,50,14.97,scattered clouds
708,Leiva,CO,1.9339,-77.3025,64.0,71,88,0.56,overcast clouds
709,Sao Francisco De Paula,BR,-29.4481,-50.5836,47.48,90,31,3.06,scattered clouds
710,Ereymentau,KZ,51.6199,73.1033,73.6,53,0,9.17,clear sky
711,Chumphon,TH,10.3333,98.8333,83.39,87,100,9.06,overcast clouds
712,Agadez,NE,19.75,10.25,88.5,12,3,6.4,clear sky
713,Dawei,MM,14.0833,98.2,80.67,89,100,8.59,heavy intensity rain
714,Lawrenceburg,US,38.0373,-84.8966,72.32,88,90,0.0,overcast clouds
715,Gombe,NG,10.2897,11.1673,71.49,93,100,6.87,light rain
716,Silvan,TR,38.1419,41.0081,70.09,41,0,5.3,clear sky
717,Gidam,IN,18.9833,81.4,75.27,90,100,6.02,overcast clouds
718,Nome,US,64.5011,-165.4064,54.16,94,90,8.05,mist
